Phase,Samples,Accuracy,Precision,Recall,Avg_Drift_Score
Phase 1,6248,0.9215749039692702,0.34139784946236557,1.0,1.0710685220027782
Phase 2,6248,0.8373879641485276,0.39703264094955487,1.0,1.398527531209265
Phase 3,6248,0.7608834827144686,0.37147665124106016,1.0,1.4923726777930304
Phase 4,6246,0.8812039705411463,0.4882758620689655,1.0,1.2535882918866936
