Metric,Benign,Attack
Sample Count,18734.0,6256.0
Mean,1.0751695738892877,1.9888213403456003
Std Dev,0.26112093583535206,0.42743949883702415
Min,0.0,1.5000099405927168
Max,1.499943682373733,3.999999519753825
Median,1.101912221256352,1.844839210714091
