FPR,TPR,Threshold
0.0,0.0,inf
0.0,0.00015984654731457802,3.999999519753825
0.0,1.0,1.5000099405927168
1.0,1.0,0.0
