method,threshold,accuracy,precision,recall,f1,roc_auc,tn,fp,fn,tp,fpr,fnr
Static Threshold (1.5),1.5,1.0,1.0,1.0,1.0,1.0,18734,0,0,6256,0.0,0.0
Static Threshold (0.45),0.45,0.2608643457382953,0.25300279047195373,1.0,0.40383436077849144,1.0,263,18471,0,6256,0.9859613536884808,0.0
Isolation Forest,adaptive,0.781312525010004,0.6582633053221288,0.26294757033248084,0.3757852655625357,0.1049559221481956,17880,854,4611,1645,0.04558556634995196,0.7370524296675192
